,0,7,5,8,1,6,3,2,9,4
0,600.0,3000.0,6000.0,15000.0,12600.0,14400.0,25200.0,49200.0,66000.0,89400.0
1,1200.0,3600.0,15600.0,21000.0,18000.0,21600.0,32400.0,58200.0,78000.0,377400.0
2,2400.0,7200.0,18600.0,28200.0,22200.0,55200.0,60000.0,67800.0,205200.0,378000.0
3,5400.0,23400.0,20400.0,55800.0,31200.0,66600.0,67200.0,69600.0,381600.0,378600.0
4,7800.0,30600.0,25800.0,202800.0,31800.0,69000.0,70200.0,70800.0,498000.0,379200.0
5,8400.0,33000.0,56400.0,495000.0,51000.0,71400.0,206400.0,72600.0,498600.0,379800.0
6,9000.0,34200.0,57000.0,497400.0,81600.0,86400.0,448200.0,73200.0,499200.0,380400.0
7,9600.0,50400.0,61200.0,499800.0,87600.0,88800.0,459000.0,375600.0,507600.0,381000.0
8,10200.0,54600.0,64800.0,501600.0,91200.0,465600.0,506400.0,376800.0,513000.0,403200.0
9,10800.0,59400.0,73800.0,521400.0,205800.0,491400.0,526200.0,483600.0,568800.0,464400.0
10,11400.0,72000.0,78600.0,551400.0,484200.0,519600.0,527400.0,490800.0,602400.0,493800.0
11,13200.0,77400.0,88200.0,553200.0,484800.0,529800.0,539400.0,492000.0,605400.0,496800.0
12,13800.0,202200.0,90600.0,558000.0,485400.0,533400.0,554400.0,493200.0,729000.0,508200.0
13,16200.0,204600.0,91800.0,561600.0,486000.0,537600.0,561000.0,500400.0,735000.0,509400.0
14,16800.0,209400.0,92400.0,562200.0,486600.0,542400.0,567000.0,502800.0,740400.0,511800.0
15,17400.0,376200.0,403800.0,569400.0,487200.0,559200.0,568200.0,531000.0,819600.0,514800.0
16,19200.0,420600.0,423600.0,609000.0,487800.0,563400.0,572400.0,548400.0,890400.0,520800.0
17,22800.0,421200.0,458400.0,610200.0,488400.0,565200.0,574200.0,550800.0,891600.0,540600.0
18,24000.0,421800.0,460200.0,610800.0,489000.0,571800.0,581400.0,553800.0,958800.0,556800.0
19,24600.0,422400.0,462600.0,612000.0,489600.0,579600.0,601800.0,564600.0,975600.0,570000.0
20,26400.0,463800.0,463200.0,670800.0,490200.0,582600.0,603000.0,580800.0,978000.0,570600.0
21,27000.0,492600.0,465000.0,816000.0,502200.0,583200.0,606000.0,585000.0,1110600.0,573000.0
22,27600.0,496200.0,494400.0,820800.0,507000.0,583800.0,724200.0,588600.0,1134000.0,577200.0
23,29400.0,508800.0,512400.0,822600.0,526800.0,586800.0,725400.0,604800.0,1135200.0,593400.0
24,30000.0,514200.0,513600.0,891000.0,531600.0,611400.0,726000.0,816600.0,1135800.0,600600.0
25,33600.0,520200.0,525000.0,894600.0,540000.0,671400.0,726600.0,819000.0,1137000.0,603600.0
26,34800.0,523200.0,528600.0,960000.0,544200.0,821400.0,727200.0,822000.0,1138200.0,609600.0
27,35400.0,523800.0,529200.0,960600.0,544800.0,825000.0,727800.0,826200.0,1139400.0,613800.0
28,36000.0,525600.0,532200.0,961200.0,546000.0,848400.0,741600.0,843000.0,1142400.0,734400.0
29,36600.0,528000.0,532800.0,961800.0,552000.0,864600.0,817200.0,843600.0,1158600.0,739800.0
30,37200.0,530400.0,534000.0,962400.0,556200.0,936000.0,825600.0,927000.0,1159200.0,815400.0
31,37800.0,538200.0,534600.0,963000.0,560400.0,990000.0,830400.0,934800.0,1162200.0,889200.0
32,38400.0,538800.0,535200.0,963600.0,562800.0,1101600.0,831000.0,969000.0,1164600.0,889800.0
33,39000.0,541800.0,535800.0,964200.0,573600.0,1102200.0,831600.0,979800.0,1313400.0,968400.0
34,39600.0,543000.0,536400.0,964800.0,577800.0,1104000.0,860400.0,1075800.0,1317000.0,969600.0
35,40200.0,543600.0,537000.0,965400.0,582000.0,1150200.0,861000.0,1076400.0,1342200.0,974400.0
36,40800.0,545400.0,555000.0,966000.0,584400.0,1150800.0,885600.0,1083600.0,1345800.0,975000.0
37,41400.0,546600.0,557400.0,990600.0,599400.0,1194600.0,892200.0,1084200.0,1347600.0,1077600.0
38,42000.0,547200.0,558600.0,1012800.0,601200.0,1322400.0,892800.0,1112400.0,1348200.0,1102800.0
39,42600.0,549000.0,564000.0,1153200.0,606600.0,1338600.0,915600.0,1159800.0,1348800.0,1111200.0
40,43200.0,549600.0,567600.0,1161600.0,612600.0,1339200.0,937800.0,1163400.0,1349400.0,1111800.0
41,43800.0,550200.0,574800.0,1165800.0,615600.0,1341000.0,938400.0,1164000.0,1350000.0,1136400.0
42,44400.0,552600.0,587400.0,1192200.0,697200.0,1515000.0,939000.0,1167000.0,1350600.0,1137600.0
43,45000.0,555600.0,616800.0,1323000.0,722400.0,1515600.0,939600.0,1167600.0,1369800.0,1138800.0
44,45600.0,559800.0,817800.0,1323600.0,723000.0,1518600.0,940200.0,1308600.0,1423800.0,1140000.0
45,46200.0,566400.0,823800.0,1336800.0,723600.0,1519800.0,940800.0,1314000.0,1524600.0,1141200.0
46,46800.0,571200.0,824400.0,1341600.0,724800.0,1601400.0,941400.0,1314600.0,1531200.0,1143000.0
47,47400.0,576600.0,841200.0,1369200.0,729600.0,1602000.0,942000.0,1315200.0,1652400.0,1168200.0
48,48000.0,580200.0,856200.0,1393800.0,730200.0,1604400.0,942600.0,1315800.0,1662000.0,1173600.0
49,48600.0,585600.0,857400.0,1394400.0,733800.0,1630800.0,943200.0,1316400.0,1692000.0,1360800.0
50,49800.0,586200.0,935400.0,1395000.0,735600.0,1657800.0,943800.0,1317600.0,1692600.0,1361400.0
51,51600.0,588000.0,936600.0,1395600.0,736200.0,1665000.0,967200.0,1324200.0,,1362000.0
52,52200.0,590400.0,988200.0,1513200.0,738600.0,1665600.0,967800.0,1346400.0,,1362600.0
53,52800.0,591600.0,989400.0,1518000.0,741000.0,,979200.0,1347000.0,,1363200.0
54,53400.0,595800.0,1087800.0,1528800.0,820200.0,,993000.0,1351800.0,,1426200.0
55,54000.0,598800.0,1101000.0,1533600.0,841800.0,,995400.0,1353000.0,,1532400.0
56,58800.0,600000.0,1103400.0,1548000.0,842400.0,,1018800.0,1360200.0,,1548600.0
57,60600.0,604200.0,1104600.0,1550400.0,861600.0,,1019400.0,1520400.0,,1594200.0
58,61800.0,613200.0,1155600.0,1551000.0,871200.0,,1020000.0,1531800.0,,1598400.0
59,62400.0,615000.0,1195200.0,1558200.0,871800.0,,1020600.0,1536000.0,,1599000.0
60,63000.0,621000.0,1319400.0,1593000.0,872400.0,,1021200.0,1593600.0,,1599600.0
61,63600.0,621600.0,1327200.0,1594800.0,881400.0,,1021800.0,1646400.0,,1648800.0
62,64200.0,623400.0,1327800.0,1618800.0,882000.0,,1022400.0,1648200.0,,1650000.0
63,65400.0,721200.0,1328400.0,1628400.0,898800.0,,1023000.0,1650600.0,,1651800.0
64,68400.0,721800.0,1329000.0,1673400.0,925200.0,,1023600.0,1661400.0,,
65,74400.0,728400.0,1338000.0,,926400.0,,1024200.0,1693200.0,,
66,75000.0,736800.0,1339800.0,,927600.0,,1024800.0,1693800.0,,
67,75600.0,739200.0,1340400.0,,958200.0,,1025400.0,1694400.0,,
68,76200.0,807000.0,1510800.0,,959400.0,,1026000.0,1695000.0,,
69,76800.0,808200.0,1511400.0,,970800.0,,1026600.0,1695600.0,,
70,79200.0,809400.0,1521600.0,,994200.0,,1027200.0,1696200.0,,
71,79800.0,828600.0,1522200.0,,1081800.0,,1027800.0,,,
72,80400.0,829200.0,1522800.0,,1082400.0,,1105200.0,,,
73,81000.0,829800.0,1523400.0,,1083000.0,,1105800.0,,,
74,82200.0,834000.0,1524000.0,,1117800.0,,1119600.0,,,
75,82800.0,834600.0,1525200.0,,1118400.0,,1120200.0,,,
76,83400.0,835200.0,1528200.0,,1119000.0,,1120800.0,,,
77,84000.0,835800.0,1552200.0,,1122000.0,,1165200.0,,,
78,84600.0,836400.0,1552800.0,,1125600.0,,1255800.0,,,
79,85200.0,844200.0,1597800.0,,1132800.0,,1309800.0,,,
80,87000.0,854400.0,1600200.0,,1140600.0,,1311600.0,,,
81,90000.0,855000.0,1600800.0,,1156800.0,,1312800.0,,,
82,93000.0,856800.0,1627200.0,,1160400.0,,1318800.0,,,
83,93600.0,866400.0,1663200.0,,1162800.0,,1345200.0,,,
84,94200.0,870600.0,1663800.0,,1181400.0,,1351200.0,,,
85,94800.0,874800.0,1666200.0,,1182000.0,,1354800.0,,,
86,95400.0,888000.0,,,1183800.0,,1366200.0,,,
87,96000.0,893400.0,,,1184400.0,,1370400.0,,,
88,96600.0,897600.0,,,1185000.0,,1398000.0,,,
89,97200.0,899400.0,,,1185600.0,,1425600.0,,,
90,97800.0,912000.0,,,1195800.0,,1521000.0,,,
91,98400.0,925800.0,,,1221600.0,,1537200.0,,,
92,99000.0,930600.0,,,1309200.0,,1537800.0,,,
93,99600.0,931200.0,,,1318200.0,,1538400.0,,,
94,100200.0,931800.0,,,1337400.0,,1539000.0,,,
95,100800.0,932400.0,,,1353600.0,,1608600.0,,,
96,101400.0,945000.0,,,1355400.0,,1609200.0,,,
97,102000.0,953400.0,,,1366800.0,,1617600.0,,,
98,102600.0,970200.0,,,1396800.0,,1645200.0,,,
99,103200.0,973800.0,,,1397400.0,,1647000.0,,,
100,103800.0,987000.0,,,1424400.0,,1677000.0,,,
101,104400.0,993600.0,,,1425000.0,,1677600.0,,,
102,105000.0,994800.0,,,1513800.0,,1678200.0,,,
103,105600.0,1014600.0,,,1514400.0,,1678800.0,,,
104,106200.0,1015200.0,,,1516800.0,,1679400.0,,,
105,106800.0,1077000.0,,,1519200.0,,1680000.0,,,
106,107400.0,1106400.0,,,1533000.0,,1680600.0,,,
107,108000.0,1107600.0,,,1534200.0,,1701000.0,,,
108,108600.0,1108200.0,,,1547400.0,,,,,
109,109200.0,1108800.0,,,1549200.0,,,,,
110,109800.0,1109400.0,,,1558800.0,,,,,
111,110400.0,1110000.0,,,1559400.0,,,,,
112,111000.0,1125000.0,,,1644600.0,,,,,
113,111600.0,1129200.0,,,1645800.0,,,,,
114,112200.0,1129800.0,,,1647600.0,,,,,
115,112800.0,1130400.0,,,1651200.0,,,,,
116,113400.0,1131000.0,,,1664400.0,,,,,
117,114000.0,1132200.0,,,1666800.0,,,,,
118,114600.0,1133400.0,,,1684200.0,,,,,
119,115200.0,1134600.0,,,1684800.0,,,,,
120,115800.0,1141800.0,,,1685400.0,,,,,
121,116400.0,1158000.0,,,1696800.0,,,,,
122,117000.0,1161000.0,,,1697400.0,,,,,
123,117600.0,1166400.0,,,,,,,,
124,118200.0,1173000.0,,,,,,,,
125,118800.0,1175400.0,,,,,,,,
126,119400.0,1176000.0,,,,,,,,
127,120000.0,1176600.0,,,,,,,,
128,120600.0,1177200.0,,,,,,,,
129,121200.0,1196400.0,,,,,,,,
130,121800.0,1201200.0,,,,,,,,
131,122400.0,1311000.0,,,,,,,,
132,123000.0,1312200.0,,,,,,,,
133,123600.0,1321800.0,,,,,,,,
134,124200.0,1332000.0,,,,,,,,
135,124800.0,1352400.0,,,,,,,,
136,125400.0,1365000.0,,,,,,,,
137,126000.0,1365600.0,,,,,,,,
138,126600.0,1367400.0,,,,,,,,
139,127200.0,1368600.0,,,,,,,,
140,127800.0,1371000.0,,,,,,,,
141,128400.0,1398600.0,,,,,,,,
142,129000.0,1512000.0,,,,,,,,
143,129600.0,1512600.0,,,,,,,,
144,130200.0,1516200.0,,,,,,,,
145,130800.0,1517400.0,,,,,,,,
146,131400.0,1525800.0,,,,,,,,
147,132000.0,1530600.0,,,,,,,,
148,132600.0,1536600.0,,,,,,,,
149,133200.0,1544400.0,,,,,,,,
150,133800.0,1546800.0,,,,,,,,
151,134400.0,1595400.0,,,,,,,,
152,135000.0,1602600.0,,,,,,,,
153,135600.0,1608000.0,,,,,,,,
154,136200.0,1667400.0,,,,,,,,
155,136800.0,1668000.0,,,,,,,,
156,137400.0,1668600.0,,,,,,,,
157,138000.0,1669200.0,,,,,,,,
158,138600.0,1669800.0,,,,,,,,
159,139200.0,1675200.0,,,,,,,,
160,139800.0,1675800.0,,,,,,,,
161,140400.0,1676400.0,,,,,,,,
162,141000.0,1683600.0,,,,,,,,
163,141600.0,1700400.0,,,,,,,,
164,142200.0,1704000.0,,,,,,,,
165,142800.0,1705200.0,,,,,,,,
166,143400.0,1705800.0,,,,,,,,
167,144000.0,1706400.0,,,,,,,,
168,144600.0,1707600.0,,,,,,,,
169,145200.0,,,,,,,,,
170,145800.0,,,,,,,,,
171,146400.0,,,,,,,,,
172,147000.0,,,,,,,,,
173,147600.0,,,,,,,,,
174,148200.0,,,,,,,,,
175,148800.0,,,,,,,,,
176,149400.0,,,,,,,,,
177,150000.0,,,,,,,,,
178,150600.0,,,,,,,,,
179,151200.0,,,,,,,,,
180,151800.0,,,,,,,,,
181,152400.0,,,,,,,,,
182,153000.0,,,,,,,,,
183,153600.0,,,,,,,,,
184,154200.0,,,,,,,,,
185,154800.0,,,,,,,,,
186,155400.0,,,,,,,,,
187,156000.0,,,,,,,,,
188,156600.0,,,,,,,,,
189,157200.0,,,,,,,,,
190,157800.0,,,,,,,,,
191,158400.0,,,,,,,,,
192,159000.0,,,,,,,,,
193,159600.0,,,,,,,,,
194,160200.0,,,,,,,,,
195,160800.0,,,,,,,,,
196,161400.0,,,,,,,,,
197,162000.0,,,,,,,,,
198,162600.0,,,,,,,,,
199,163200.0,,,,,,,,,
200,163800.0,,,,,,,,,
201,164400.0,,,,,,,,,
202,165000.0,,,,,,,,,
203,165600.0,,,,,,,,,
204,166200.0,,,,,,,,,
205,166800.0,,,,,,,,,
206,167400.0,,,,,,,,,
207,168000.0,,,,,,,,,
208,168600.0,,,,,,,,,
209,169200.0,,,,,,,,,
210,169800.0,,,,,,,,,
211,170400.0,,,,,,,,,
212,171000.0,,,,,,,,,
213,171600.0,,,,,,,,,
214,172200.0,,,,,,,,,
215,172800.0,,,,,,,,,
216,173400.0,,,,,,,,,
217,174000.0,,,,,,,,,
218,174600.0,,,,,,,,,
219,175200.0,,,,,,,,,
220,175800.0,,,,,,,,,
221,176400.0,,,,,,,,,
222,177000.0,,,,,,,,,
223,177600.0,,,,,,,,,
224,178200.0,,,,,,,,,
225,178800.0,,,,,,,,,
226,179400.0,,,,,,,,,
227,180000.0,,,,,,,,,
228,180600.0,,,,,,,,,
229,181200.0,,,,,,,,,
230,181800.0,,,,,,,,,
231,182400.0,,,,,,,,,
232,183000.0,,,,,,,,,
233,183600.0,,,,,,,,,
234,184200.0,,,,,,,,,
235,184800.0,,,,,,,,,
236,185400.0,,,,,,,,,
237,186000.0,,,,,,,,,
238,186600.0,,,,,,,,,
239,187200.0,,,,,,,,,
240,187800.0,,,,,,,,,
241,188400.0,,,,,,,,,
242,189000.0,,,,,,,,,
243,189600.0,,,,,,,,,
244,190200.0,,,,,,,,,
245,190800.0,,,,,,,,,
246,191400.0,,,,,,,,,
247,192000.0,,,,,,,,,
248,192600.0,,,,,,,,,
249,193200.0,,,,,,,,,
250,193800.0,,,,,,,,,
251,194400.0,,,,,,,,,
252,195000.0,,,,,,,,,
253,195600.0,,,,,,,,,
254,196200.0,,,,,,,,,
255,196800.0,,,,,,,,,
256,197400.0,,,,,,,,,
257,198000.0,,,,,,,,,
258,198600.0,,,,,,,,,
259,199200.0,,,,,,,,,
260,199800.0,,,,,,,,,
261,200400.0,,,,,,,,,
262,201000.0,,,,,,,,,
263,201600.0,,,,,,,,,
264,203400.0,,,,,,,,,
265,204000.0,,,,,,,,,
266,207000.0,,,,,,,,,
267,207600.0,,,,,,,,,
268,208200.0,,,,,,,,,
269,208800.0,,,,,,,,,
270,210000.0,,,,,,,,,
271,210600.0,,,,,,,,,
272,211200.0,,,,,,,,,
273,211800.0,,,,,,,,,
274,212400.0,,,,,,,,,
275,213000.0,,,,,,,,,
276,213600.0,,,,,,,,,
277,214200.0,,,,,,,,,
278,214800.0,,,,,,,,,
279,215400.0,,,,,,,,,
280,216000.0,,,,,,,,,
281,216600.0,,,,,,,,,
282,217200.0,,,,,,,,,
283,217800.0,,,,,,,,,
284,218400.0,,,,,,,,,
285,219000.0,,,,,,,,,
286,219600.0,,,,,,,,,
287,220200.0,,,,,,,,,
288,220800.0,,,,,,,,,
289,221400.0,,,,,,,,,
290,222000.0,,,,,,,,,
291,222600.0,,,,,,,,,
292,223200.0,,,,,,,,,
293,223800.0,,,,,,,,,
294,224400.0,,,,,,,,,
295,225000.0,,,,,,,,,
296,225600.0,,,,,,,,,
297,226200.0,,,,,,,,,
298,226800.0,,,,,,,,,
299,227400.0,,,,,,,,,
300,228000.0,,,,,,,,,
301,228600.0,,,,,,,,,
302,229200.0,,,,,,,,,
303,229800.0,,,,,,,,,
304,230400.0,,,,,,,,,
305,231000.0,,,,,,,,,
306,231600.0,,,,,,,,,
307,232200.0,,,,,,,,,
308,232800.0,,,,,,,,,
309,233400.0,,,,,,,,,
310,234000.0,,,,,,,,,
311,234600.0,,,,,,,,,
312,235200.0,,,,,,,,,
313,235800.0,,,,,,,,,
314,236400.0,,,,,,,,,
315,237000.0,,,,,,,,,
316,237600.0,,,,,,,,,
317,238200.0,,,,,,,,,
318,238800.0,,,,,,,,,
319,239400.0,,,,,,,,,
320,240000.0,,,,,,,,,
321,240600.0,,,,,,,,,
322,241200.0,,,,,,,,,
323,241800.0,,,,,,,,,
324,242400.0,,,,,,,,,
325,243000.0,,,,,,,,,
326,243600.0,,,,,,,,,
327,244200.0,,,,,,,,,
328,244800.0,,,,,,,,,
329,245400.0,,,,,,,,,
330,246000.0,,,,,,,,,
331,246600.0,,,,,,,,,
332,247200.0,,,,,,,,,
333,247800.0,,,,,,,,,
334,248400.0,,,,,,,,,
335,249000.0,,,,,,,,,
336,249600.0,,,,,,,,,
337,250200.0,,,,,,,,,
338,250800.0,,,,,,,,,
339,251400.0,,,,,,,,,
340,252000.0,,,,,,,,,
341,252600.0,,,,,,,,,
342,253200.0,,,,,,,,,
343,253800.0,,,,,,,,,
344,254400.0,,,,,,,,,
345,255000.0,,,,,,,,,
346,255600.0,,,,,,,,,
347,256200.0,,,,,,,,,
348,256800.0,,,,,,,,,
349,257400.0,,,,,,,,,
350,258000.0,,,,,,,,,
351,258600.0,,,,,,,,,
352,259200.0,,,,,,,,,
353,259800.0,,,,,,,,,
354,260400.0,,,,,,,,,
355,261000.0,,,,,,,,,
356,261600.0,,,,,,,,,
357,262200.0,,,,,,,,,
358,262800.0,,,,,,,,,
359,263400.0,,,,,,,,,
360,264000.0,,,,,,,,,
361,264600.0,,,,,,,,,
362,265200.0,,,,,,,,,
363,265800.0,,,,,,,,,
364,266400.0,,,,,,,,,
365,267000.0,,,,,,,,,
366,267600.0,,,,,,,,,
367,268200.0,,,,,,,,,
368,268800.0,,,,,,,,,
369,269400.0,,,,,,,,,
370,270000.0,,,,,,,,,
371,270600.0,,,,,,,,,
372,271200.0,,,,,,,,,
373,271800.0,,,,,,,,,
374,272400.0,,,,,,,,,
375,273000.0,,,,,,,,,
376,273600.0,,,,,,,,,
377,274200.0,,,,,,,,,
378,274800.0,,,,,,,,,
379,275400.0,,,,,,,,,
380,276000.0,,,,,,,,,
381,276600.0,,,,,,,,,
382,277200.0,,,,,,,,,
383,277800.0,,,,,,,,,
384,278400.0,,,,,,,,,
385,279000.0,,,,,,,,,
386,279600.0,,,,,,,,,
387,280200.0,,,,,,,,,
388,280800.0,,,,,,,,,
389,281400.0,,,,,,,,,
390,282000.0,,,,,,,,,
391,282600.0,,,,,,,,,
392,283200.0,,,,,,,,,
393,283800.0,,,,,,,,,
394,284400.0,,,,,,,,,
395,285000.0,,,,,,,,,
396,285600.0,,,,,,,,,
397,286200.0,,,,,,,,,
398,286800.0,,,,,,,,,
399,287400.0,,,,,,,,,
400,288000.0,,,,,,,,,
401,288600.0,,,,,,,,,
402,289200.0,,,,,,,,,
403,289800.0,,,,,,,,,
404,290400.0,,,,,,,,,
405,291000.0,,,,,,,,,
406,291600.0,,,,,,,,,
407,292200.0,,,,,,,,,
408,292800.0,,,,,,,,,
409,293400.0,,,,,,,,,
410,294000.0,,,,,,,,,
411,294600.0,,,,,,,,,
412,295200.0,,,,,,,,,
413,295800.0,,,,,,,,,
414,296400.0,,,,,,,,,
415,297000.0,,,,,,,,,
416,297600.0,,,,,,,,,
417,298200.0,,,,,,,,,
418,298800.0,,,,,,,,,
419,299400.0,,,,,,,,,
420,300000.0,,,,,,,,,
421,300600.0,,,,,,,,,
422,301200.0,,,,,,,,,
423,301800.0,,,,,,,,,
424,302400.0,,,,,,,,,
425,303000.0,,,,,,,,,
426,303600.0,,,,,,,,,
427,304200.0,,,,,,,,,
428,304800.0,,,,,,,,,
429,305400.0,,,,,,,,,
430,306000.0,,,,,,,,,
431,306600.0,,,,,,,,,
432,307200.0,,,,,,,,,
433,307800.0,,,,,,,,,
434,308400.0,,,,,,,,,
435,309000.0,,,,,,,,,
436,309600.0,,,,,,,,,
437,310200.0,,,,,,,,,
438,310800.0,,,,,,,,,
439,311400.0,,,,,,,,,
440,312000.0,,,,,,,,,
441,312600.0,,,,,,,,,
442,313200.0,,,,,,,,,
443,313800.0,,,,,,,,,
444,314400.0,,,,,,,,,
445,315000.0,,,,,,,,,
446,315600.0,,,,,,,,,
447,316200.0,,,,,,,,,
448,316800.0,,,,,,,,,
449,317400.0,,,,,,,,,
450,318000.0,,,,,,,,,
451,318600.0,,,,,,,,,
452,319200.0,,,,,,,,,
453,319800.0,,,,,,,,,
454,320400.0,,,,,,,,,
455,321000.0,,,,,,,,,
456,321600.0,,,,,,,,,
457,322200.0,,,,,,,,,
458,322800.0,,,,,,,,,
459,323400.0,,,,,,,,,
460,324000.0,,,,,,,,,
461,324600.0,,,,,,,,,
462,325200.0,,,,,,,,,
463,325800.0,,,,,,,,,
464,326400.0,,,,,,,,,
465,327000.0,,,,,,,,,
466,327600.0,,,,,,,,,
467,328200.0,,,,,,,,,
468,328800.0,,,,,,,,,
469,329400.0,,,,,,,,,
470,330000.0,,,,,,,,,
471,330600.0,,,,,,,,,
472,331200.0,,,,,,,,,
473,331800.0,,,,,,,,,
474,332400.0,,,,,,,,,
475,333000.0,,,,,,,,,
476,333600.0,,,,,,,,,
477,334200.0,,,,,,,,,
478,334800.0,,,,,,,,,
479,335400.0,,,,,,,,,
480,336000.0,,,,,,,,,
481,336600.0,,,,,,,,,
482,337200.0,,,,,,,,,
483,337800.0,,,,,,,,,
484,338400.0,,,,,,,,,
485,339000.0,,,,,,,,,
486,339600.0,,,,,,,,,
487,340200.0,,,,,,,,,
488,340800.0,,,,,,,,,
489,341400.0,,,,,,,,,
490,342000.0,,,,,,,,,
491,342600.0,,,,,,,,,
492,343200.0,,,,,,,,,
493,343800.0,,,,,,,,,
494,344400.0,,,,,,,,,
495,345000.0,,,,,,,,,
496,345600.0,,,,,,,,,
497,346200.0,,,,,,,,,
498,346800.0,,,,,,,,,
499,347400.0,,,,,,,,,
500,348000.0,,,,,,,,,
501,348600.0,,,,,,,,,
502,349200.0,,,,,,,,,
503,349800.0,,,,,,,,,
504,350400.0,,,,,,,,,
505,351000.0,,,,,,,,,
506,351600.0,,,,,,,,,
507,352200.0,,,,,,,,,
508,352800.0,,,,,,,,,
509,353400.0,,,,,,,,,
510,354000.0,,,,,,,,,
511,354600.0,,,,,,,,,
512,355200.0,,,,,,,,,
513,355800.0,,,,,,,,,
514,356400.0,,,,,,,,,
515,357000.0,,,,,,,,,
516,357600.0,,,,,,,,,
517,358200.0,,,,,,,,,
518,358800.0,,,,,,,,,
519,359400.0,,,,,,,,,
520,360000.0,,,,,,,,,
521,360600.0,,,,,,,,,
522,361200.0,,,,,,,,,
523,361800.0,,,,,,,,,
524,362400.0,,,,,,,,,
525,363000.0,,,,,,,,,
526,363600.0,,,,,,,,,
527,364200.0,,,,,,,,,
528,364800.0,,,,,,,,,
529,365400.0,,,,,,,,,
530,366000.0,,,,,,,,,
531,366600.0,,,,,,,,,
532,367200.0,,,,,,,,,
533,367800.0,,,,,,,,,
534,368400.0,,,,,,,,,
535,369000.0,,,,,,,,,
536,369600.0,,,,,,,,,
537,370200.0,,,,,,,,,
538,370800.0,,,,,,,,,
539,371400.0,,,,,,,,,
540,372000.0,,,,,,,,,
541,372600.0,,,,,,,,,
542,373200.0,,,,,,,,,
543,373800.0,,,,,,,,,
544,374400.0,,,,,,,,,
545,375000.0,,,,,,,,,
546,382200.0,,,,,,,,,
547,382800.0,,,,,,,,,
548,383400.0,,,,,,,,,
549,384000.0,,,,,,,,,
550,384600.0,,,,,,,,,
551,385200.0,,,,,,,,,
552,385800.0,,,,,,,,,
553,386400.0,,,,,,,,,
554,387000.0,,,,,,,,,
555,387600.0,,,,,,,,,
556,388200.0,,,,,,,,,
557,388800.0,,,,,,,,,
558,389400.0,,,,,,,,,
559,390000.0,,,,,,,,,
560,390600.0,,,,,,,,,
561,391200.0,,,,,,,,,
562,391800.0,,,,,,,,,
563,392400.0,,,,,,,,,
564,393000.0,,,,,,,,,
565,393600.0,,,,,,,,,
566,394200.0,,,,,,,,,
567,394800.0,,,,,,,,,
568,395400.0,,,,,,,,,
569,396000.0,,,,,,,,,
570,396600.0,,,,,,,,,
571,397200.0,,,,,,,,,
572,397800.0,,,,,,,,,
573,398400.0,,,,,,,,,
574,399000.0,,,,,,,,,
575,399600.0,,,,,,,,,
576,400200.0,,,,,,,,,
577,400800.0,,,,,,,,,
578,401400.0,,,,,,,,,
579,402000.0,,,,,,,,,
580,402600.0,,,,,,,,,
581,404400.0,,,,,,,,,
582,405000.0,,,,,,,,,
583,405600.0,,,,,,,,,
584,406200.0,,,,,,,,,
585,406800.0,,,,,,,,,
586,407400.0,,,,,,,,,
587,408000.0,,,,,,,,,
588,408600.0,,,,,,,,,
589,409200.0,,,,,,,,,
590,409800.0,,,,,,,,,
591,410400.0,,,,,,,,,
592,411000.0,,,,,,,,,
593,411600.0,,,,,,,,,
594,412200.0,,,,,,,,,
595,412800.0,,,,,,,,,
596,413400.0,,,,,,,,,
597,414000.0,,,,,,,,,
598,414600.0,,,,,,,,,
599,415200.0,,,,,,,,,
600,415800.0,,,,,,,,,
601,416400.0,,,,,,,,,
602,417000.0,,,,,,,,,
603,417600.0,,,,,,,,,
604,418200.0,,,,,,,,,
605,418800.0,,,,,,,,,
606,419400.0,,,,,,,,,
607,420000.0,,,,,,,,,
608,423000.0,,,,,,,,,
609,424200.0,,,,,,,,,
610,424800.0,,,,,,,,,
611,425400.0,,,,,,,,,
612,426000.0,,,,,,,,,
613,426600.0,,,,,,,,,
614,427200.0,,,,,,,,,
615,427800.0,,,,,,,,,
616,428400.0,,,,,,,,,
617,429000.0,,,,,,,,,
618,429600.0,,,,,,,,,
619,430200.0,,,,,,,,,
620,430800.0,,,,,,,,,
621,431400.0,,,,,,,,,
622,432000.0,,,,,,,,,
623,432600.0,,,,,,,,,
624,433200.0,,,,,,,,,
625,433800.0,,,,,,,,,
626,434400.0,,,,,,,,,
627,435000.0,,,,,,,,,
628,435600.0,,,,,,,,,
629,436200.0,,,,,,,,,
630,436800.0,,,,,,,,,
631,437400.0,,,,,,,,,
632,438000.0,,,,,,,,,
633,438600.0,,,,,,,,,
634,439200.0,,,,,,,,,
635,439800.0,,,,,,,,,
636,440400.0,,,,,,,,,
637,441000.0,,,,,,,,,
638,441600.0,,,,,,,,,
639,442200.0,,,,,,,,,
640,442800.0,,,,,,,,,
641,443400.0,,,,,,,,,
642,444000.0,,,,,,,,,
643,444600.0,,,,,,,,,
644,445200.0,,,,,,,,,
645,445800.0,,,,,,,,,
646,446400.0,,,,,,,,,
647,447000.0,,,,,,,,,
648,447600.0,,,,,,,,,
649,448800.0,,,,,,,,,
650,449400.0,,,,,,,,,
651,450000.0,,,,,,,,,
652,450600.0,,,,,,,,,
653,451200.0,,,,,,,,,
654,451800.0,,,,,,,,,
655,452400.0,,,,,,,,,
656,453000.0,,,,,,,,,
657,453600.0,,,,,,,,,
658,454200.0,,,,,,,,,
659,454800.0,,,,,,,,,
660,455400.0,,,,,,,,,
661,456000.0,,,,,,,,,
662,456600.0,,,,,,,,,
663,457200.0,,,,,,,,,
664,457800.0,,,,,,,,,
665,459600.0,,,,,,,,,
666,460800.0,,,,,,,,,
667,461400.0,,,,,,,,,
668,462000.0,,,,,,,,,
669,466200.0,,,,,,,,,
670,466800.0,,,,,,,,,
671,467400.0,,,,,,,,,
672,468000.0,,,,,,,,,
673,468600.0,,,,,,,,,
674,469200.0,,,,,,,,,
675,469800.0,,,,,,,,,
676,470400.0,,,,,,,,,
677,471000.0,,,,,,,,,
678,471600.0,,,,,,,,,
679,472200.0,,,,,,,,,
680,472800.0,,,,,,,,,
681,473400.0,,,,,,,,,
682,474000.0,,,,,,,,,
683,474600.0,,,,,,,,,
684,475200.0,,,,,,,,,
685,475800.0,,,,,,,,,
686,476400.0,,,,,,,,,
687,477000.0,,,,,,,,,
688,477600.0,,,,,,,,,
689,478200.0,,,,,,,,,
690,478800.0,,,,,,,,,
691,479400.0,,,,,,,,,
692,480000.0,,,,,,,,,
693,480600.0,,,,,,,,,
694,481200.0,,,,,,,,,
695,481800.0,,,,,,,,,
696,482400.0,,,,,,,,,
697,483000.0,,,,,,,,,
698,495600.0,,,,,,,,,
699,501000.0,,,,,,,,,
700,503400.0,,,,,,,,,
701,504000.0,,,,,,,,,
702,504600.0,,,,,,,,,
703,505200.0,,,,,,,,,
704,505800.0,,,,,,,,,
705,510000.0,,,,,,,,,
706,510600.0,,,,,,,,,
707,511200.0,,,,,,,,,
708,515400.0,,,,,,,,,
709,516000.0,,,,,,,,,
710,516600.0,,,,,,,,,
711,517200.0,,,,,,,,,
712,517800.0,,,,,,,,,
713,518400.0,,,,,,,,,
714,519000.0,,,,,,,,,
715,522000.0,,,,,,,,,
716,522600.0,,,,,,,,,
717,524400.0,,,,,,,,,
718,541200.0,,,,,,,,,
719,547800.0,,,,,,,,,
720,565800.0,,,,,,,,,
721,575400.0,,,,,,,,,
722,576000.0,,,,,,,,,
723,578400.0,,,,,,,,,
724,579000.0,,,,,,,,,
725,589200.0,,,,,,,,,
726,589800.0,,,,,,,,,
727,591000.0,,,,,,,,,
728,592200.0,,,,,,,,,
729,592800.0,,,,,,,,,
730,594000.0,,,,,,,,,
731,594600.0,,,,,,,,,
732,595200.0,,,,,,,,,
733,596400.0,,,,,,,,,
734,597000.0,,,,,,,,,
735,597600.0,,,,,,,,,
736,598200.0,,,,,,,,,
737,607200.0,,,,,,,,,
738,607800.0,,,,,,,,,
739,608400.0,,,,,,,,,
740,614400.0,,,,,,,,,
741,616200.0,,,,,,,,,
742,617400.0,,,,,,,,,
743,618000.0,,,,,,,,,
744,618600.0,,,,,,,,,
745,619200.0,,,,,,,,,
746,619800.0,,,,,,,,,
747,620400.0,,,,,,,,,
748,622200.0,,,,,,,,,
749,622800.0,,,,,,,,,
750,624000.0,,,,,,,,,
751,624600.0,,,,,,,,,
752,625200.0,,,,,,,,,
753,625800.0,,,,,,,,,
754,626400.0,,,,,,,,,
755,627000.0,,,,,,,,,
756,627600.0,,,,,,,,,
757,628200.0,,,,,,,,,
758,628800.0,,,,,,,,,
759,629400.0,,,,,,,,,
760,630000.0,,,,,,,,,
761,630600.0,,,,,,,,,
762,631200.0,,,,,,,,,
763,631800.0,,,,,,,,,
764,632400.0,,,,,,,,,
765,633000.0,,,,,,,,,
766,633600.0,,,,,,,,,
767,634200.0,,,,,,,,,
768,634800.0,,,,,,,,,
769,635400.0,,,,,,,,,
770,636000.0,,,,,,,,,
771,636600.0,,,,,,,,,
772,637200.0,,,,,,,,,
773,637800.0,,,,,,,,,
774,638400.0,,,,,,,,,
775,639000.0,,,,,,,,,
776,639600.0,,,,,,,,,
777,640200.0,,,,,,,,,
778,640800.0,,,,,,,,,
779,641400.0,,,,,,,,,
780,642000.0,,,,,,,,,
781,642600.0,,,,,,,,,
782,643200.0,,,,,,,,,
783,643800.0,,,,,,,,,
784,644400.0,,,,,,,,,
785,645000.0,,,,,,,,,
786,645600.0,,,,,,,,,
787,646200.0,,,,,,,,,
788,646800.0,,,,,,,,,
789,647400.0,,,,,,,,,
790,648000.0,,,,,,,,,
791,648600.0,,,,,,,,,
792,649200.0,,,,,,,,,
793,649800.0,,,,,,,,,
794,650400.0,,,,,,,,,
795,651000.0,,,,,,,,,
796,651600.0,,,,,,,,,
797,652200.0,,,,,,,,,
798,652800.0,,,,,,,,,
799,653400.0,,,,,,,,,
800,654000.0,,,,,,,,,
801,654600.0,,,,,,,,,
802,655200.0,,,,,,,,,
803,655800.0,,,,,,,,,
804,656400.0,,,,,,,,,
805,657000.0,,,,,,,,,
806,657600.0,,,,,,,,,
807,658200.0,,,,,,,,,
808,658800.0,,,,,,,,,
809,659400.0,,,,,,,,,
810,660000.0,,,,,,,,,
811,660600.0,,,,,,,,,
812,661200.0,,,,,,,,,
813,661800.0,,,,,,,,,
814,662400.0,,,,,,,,,
815,663000.0,,,,,,,,,
816,663600.0,,,,,,,,,
817,664200.0,,,,,,,,,
818,664800.0,,,,,,,,,
819,665400.0,,,,,,,,,
820,666000.0,,,,,,,,,
821,666600.0,,,,,,,,,
822,667200.0,,,,,,,,,
823,667800.0,,,,,,,,,
824,668400.0,,,,,,,,,
825,669000.0,,,,,,,,,
826,669600.0,,,,,,,,,
827,670200.0,,,,,,,,,
828,672000.0,,,,,,,,,
829,672600.0,,,,,,,,,
830,673200.0,,,,,,,,,
831,673800.0,,,,,,,,,
832,674400.0,,,,,,,,,
833,675000.0,,,,,,,,,
834,675600.0,,,,,,,,,
835,676200.0,,,,,,,,,
836,676800.0,,,,,,,,,
837,677400.0,,,,,,,,,
838,678000.0,,,,,,,,,
839,678600.0,,,,,,,,,
840,679200.0,,,,,,,,,
841,679800.0,,,,,,,,,
842,680400.0,,,,,,,,,
843,681000.0,,,,,,,,,
844,681600.0,,,,,,,,,
845,682200.0,,,,,,,,,
846,682800.0,,,,,,,,,
847,683400.0,,,,,,,,,
848,684000.0,,,,,,,,,
849,684600.0,,,,,,,,,
850,685200.0,,,,,,,,,
851,685800.0,,,,,,,,,
852,686400.0,,,,,,,,,
853,687000.0,,,,,,,,,
854,687600.0,,,,,,,,,
855,688200.0,,,,,,,,,
856,688800.0,,,,,,,,,
857,689400.0,,,,,,,,,
858,690000.0,,,,,,,,,
859,690600.0,,,,,,,,,
860,691200.0,,,,,,,,,
861,691800.0,,,,,,,,,
862,692400.0,,,,,,,,,
863,693000.0,,,,,,,,,
864,693600.0,,,,,,,,,
865,694200.0,,,,,,,,,
866,694800.0,,,,,,,,,
867,695400.0,,,,,,,,,
868,696000.0,,,,,,,,,
869,696600.0,,,,,,,,,
870,697800.0,,,,,,,,,
871,698400.0,,,,,,,,,
872,699000.0,,,,,,,,,
873,699600.0,,,,,,,,,
874,700200.0,,,,,,,,,
875,700800.0,,,,,,,,,
876,701400.0,,,,,,,,,
877,702000.0,,,,,,,,,
878,702600.0,,,,,,,,,
879,703200.0,,,,,,,,,
880,703800.0,,,,,,,,,
881,704400.0,,,,,,,,,
882,705000.0,,,,,,,,,
883,705600.0,,,,,,,,,
884,706200.0,,,,,,,,,
885,706800.0,,,,,,,,,
886,707400.0,,,,,,,,,
887,708000.0,,,,,,,,,
888,708600.0,,,,,,,,,
889,709200.0,,,,,,,,,
890,709800.0,,,,,,,,,
891,710400.0,,,,,,,,,
892,711000.0,,,,,,,,,
893,711600.0,,,,,,,,,
894,712200.0,,,,,,,,,
895,712800.0,,,,,,,,,
896,713400.0,,,,,,,,,
897,714000.0,,,,,,,,,
898,714600.0,,,,,,,,,
899,715200.0,,,,,,,,,
900,715800.0,,,,,,,,,
901,716400.0,,,,,,,,,
902,717000.0,,,,,,,,,
903,717600.0,,,,,,,,,
904,718200.0,,,,,,,,,
905,718800.0,,,,,,,,,
906,719400.0,,,,,,,,,
907,720000.0,,,,,,,,,
908,720600.0,,,,,,,,,
909,730800.0,,,,,,,,,
910,731400.0,,,,,,,,,
911,732000.0,,,,,,,,,
912,732600.0,,,,,,,,,
913,733200.0,,,,,,,,,
914,737400.0,,,,,,,,,
915,738000.0,,,,,,,,,
916,742200.0,,,,,,,,,
917,742800.0,,,,,,,,,
918,743400.0,,,,,,,,,
919,744000.0,,,,,,,,,
920,744600.0,,,,,,,,,
921,745200.0,,,,,,,,,
922,745800.0,,,,,,,,,
923,746400.0,,,,,,,,,
924,747000.0,,,,,,,,,
925,747600.0,,,,,,,,,
926,748200.0,,,,,,,,,
927,748800.0,,,,,,,,,
928,749400.0,,,,,,,,,
929,750000.0,,,,,,,,,
930,750600.0,,,,,,,,,
931,751200.0,,,,,,,,,
932,751800.0,,,,,,,,,
933,752400.0,,,,,,,,,
934,753000.0,,,,,,,,,
935,753600.0,,,,,,,,,
936,754200.0,,,,,,,,,
937,754800.0,,,,,,,,,
938,755400.0,,,,,,,,,
939,756000.0,,,,,,,,,
940,756600.0,,,,,,,,,
941,757200.0,,,,,,,,,
942,757800.0,,,,,,,,,
943,758400.0,,,,,,,,,
944,759000.0,,,,,,,,,
945,759600.0,,,,,,,,,
946,760200.0,,,,,,,,,
947,760800.0,,,,,,,,,
948,761400.0,,,,,,,,,
949,762000.0,,,,,,,,,
950,762600.0,,,,,,,,,
951,763200.0,,,,,,,,,
952,763800.0,,,,,,,,,
953,764400.0,,,,,,,,,
954,765000.0,,,,,,,,,
955,765600.0,,,,,,,,,
956,766200.0,,,,,,,,,
957,766800.0,,,,,,,,,
958,767400.0,,,,,,,,,
959,768000.0,,,,,,,,,
960,768600.0,,,,,,,,,
961,769200.0,,,,,,,,,
962,769800.0,,,,,,,,,
963,770400.0,,,,,,,,,
964,771000.0,,,,,,,,,
965,771600.0,,,,,,,,,
966,772200.0,,,,,,,,,
967,772800.0,,,,,,,,,
968,773400.0,,,,,,,,,
969,774000.0,,,,,,,,,
970,774600.0,,,,,,,,,
971,775200.0,,,,,,,,,
972,775800.0,,,,,,,,,
973,776400.0,,,,,,,,,
974,777000.0,,,,,,,,,
975,777600.0,,,,,,,,,
976,778200.0,,,,,,,,,
977,778800.0,,,,,,,,,
978,779400.0,,,,,,,,,
979,780000.0,,,,,,,,,
980,780600.0,,,,,,,,,
981,781200.0,,,,,,,,,
982,781800.0,,,,,,,,,
983,782400.0,,,,,,,,,
984,783000.0,,,,,,,,,
985,783600.0,,,,,,,,,
986,784200.0,,,,,,,,,
987,784800.0,,,,,,,,,
988,785400.0,,,,,,,,,
989,786000.0,,,,,,,,,
990,786600.0,,,,,,,,,
991,787200.0,,,,,,,,,
992,787800.0,,,,,,,,,
993,788400.0,,,,,,,,,
994,789000.0,,,,,,,,,
995,789600.0,,,,,,,,,
996,790200.0,,,,,,,,,
997,790800.0,,,,,,,,,
998,791400.0,,,,,,,,,
999,792000.0,,,,,,,,,
1000,792600.0,,,,,,,,,
1001,793200.0,,,,,,,,,
1002,793800.0,,,,,,,,,
1003,794400.0,,,,,,,,,
1004,795000.0,,,,,,,,,
1005,795600.0,,,,,,,,,
1006,796200.0,,,,,,,,,
1007,796800.0,,,,,,,,,
1008,797400.0,,,,,,,,,
1009,798000.0,,,,,,,,,
1010,798600.0,,,,,,,,,
1011,799200.0,,,,,,,,,
1012,799800.0,,,,,,,,,
1013,800400.0,,,,,,,,,
1014,801000.0,,,,,,,,,
1015,801600.0,,,,,,,,,
1016,802200.0,,,,,,,,,
1017,802800.0,,,,,,,,,
1018,803400.0,,,,,,,,,
1019,804000.0,,,,,,,,,
1020,804600.0,,,,,,,,,
1021,805200.0,,,,,,,,,
1022,805800.0,,,,,,,,,
1023,806400.0,,,,,,,,,
1024,807600.0,,,,,,,,,
1025,808800.0,,,,,,,,,
1026,810000.0,,,,,,,,,
1027,810600.0,,,,,,,,,
1028,811200.0,,,,,,,,,
1029,811800.0,,,,,,,,,
1030,812400.0,,,,,,,,,
1031,813000.0,,,,,,,,,
1032,813600.0,,,,,,,,,
1033,814200.0,,,,,,,,,
1034,814800.0,,,,,,,,,
1035,818400.0,,,,,,,,,
1036,823200.0,,,,,,,,,
1037,826800.0,,,,,,,,,
1038,827400.0,,,,,,,,,
1039,828000.0,,,,,,,,,
1040,832200.0,,,,,,,,,
1041,832800.0,,,,,,,,,
1042,833400.0,,,,,,,,,
1043,837000.0,,,,,,,,,
1044,837600.0,,,,,,,,,
1045,838200.0,,,,,,,,,
1046,838800.0,,,,,,,,,
1047,839400.0,,,,,,,,,
1048,840000.0,,,,,,,,,
1049,840600.0,,,,,,,,,
1050,844800.0,,,,,,,,,
1051,845400.0,,,,,,,,,
1052,846000.0,,,,,,,,,
1053,846600.0,,,,,,,,,
1054,847200.0,,,,,,,,,
1055,847800.0,,,,,,,,,
1056,849000.0,,,,,,,,,
1057,849600.0,,,,,,,,,
1058,850200.0,,,,,,,,,
1059,850800.0,,,,,,,,,
1060,851400.0,,,,,,,,,
1061,852000.0,,,,,,,,,
1062,852600.0,,,,,,,,,
1063,853200.0,,,,,,,,,
1064,853800.0,,,,,,,,,
1065,855600.0,,,,,,,,,
1066,858000.0,,,,,,,,,
1067,858600.0,,,,,,,,,
1068,859200.0,,,,,,,,,
1069,859800.0,,,,,,,,,
1070,862200.0,,,,,,,,,
1071,862800.0,,,,,,,,,
1072,863400.0,,,,,,,,,
1073,864000.0,,,,,,,,,
1074,865200.0,,,,,,,,,
1075,865800.0,,,,,,,,,
1076,867000.0,,,,,,,,,
1077,867600.0,,,,,,,,,
1078,868200.0,,,,,,,,,
1079,868800.0,,,,,,,,,
1080,869400.0,,,,,,,,,
1081,870000.0,,,,,,,,,
1082,873000.0,,,,,,,,,
1083,873600.0,,,,,,,,,
1084,874200.0,,,,,,,,,
1085,875400.0,,,,,,,,,
1086,876000.0,,,,,,,,,
1087,876600.0,,,,,,,,,
1088,877200.0,,,,,,,,,
1089,877800.0,,,,,,,,,
1090,878400.0,,,,,,,,,
1091,879000.0,,,,,,,,,
1092,879600.0,,,,,,,,,
1093,880200.0,,,,,,,,,
1094,880800.0,,,,,,,,,
1095,882600.0,,,,,,,,,
1096,883200.0,,,,,,,,,
1097,883800.0,,,,,,,,,
1098,884400.0,,,,,,,,,
1099,885000.0,,,,,,,,,
1100,886200.0,,,,,,,,,
1101,886800.0,,,,,,,,,
1102,887400.0,,,,,,,,,
1103,888600.0,,,,,,,,,
1104,894000.0,,,,,,,,,
1105,895200.0,,,,,,,,,
1106,895800.0,,,,,,,,,
1107,896400.0,,,,,,,,,
1108,897000.0,,,,,,,,,
1109,898200.0,,,,,,,,,
1110,900000.0,,,,,,,,,
1111,900600.0,,,,,,,,,
1112,901200.0,,,,,,,,,
1113,901800.0,,,,,,,,,
1114,902400.0,,,,,,,,,
1115,903000.0,,,,,,,,,
1116,903600.0,,,,,,,,,
1117,904200.0,,,,,,,,,
1118,904800.0,,,,,,,,,
1119,905400.0,,,,,,,,,
1120,906000.0,,,,,,,,,
1121,906600.0,,,,,,,,,
1122,907200.0,,,,,,,,,
1123,907800.0,,,,,,,,,
1124,908400.0,,,,,,,,,
1125,909000.0,,,,,,,,,
1126,909600.0,,,,,,,,,
1127,910200.0,,,,,,,,,
1128,910800.0,,,,,,,,,
1129,911400.0,,,,,,,,,
1130,912600.0,,,,,,,,,
1131,913200.0,,,,,,,,,
1132,913800.0,,,,,,,,,
1133,914400.0,,,,,,,,,
1134,915000.0,,,,,,,,,
1135,916200.0,,,,,,,,,
1136,916800.0,,,,,,,,,
1137,917400.0,,,,,,,,,
1138,918000.0,,,,,,,,,
1139,918600.0,,,,,,,,,
1140,919200.0,,,,,,,,,
1141,919800.0,,,,,,,,,
1142,920400.0,,,,,,,,,
1143,921000.0,,,,,,,,,
1144,921600.0,,,,,,,,,
1145,922200.0,,,,,,,,,
1146,922800.0,,,,,,,,,
1147,923400.0,,,,,,,,,
1148,924000.0,,,,,,,,,
1149,924600.0,,,,,,,,,
1150,928200.0,,,,,,,,,
1151,928800.0,,,,,,,,,
1152,929400.0,,,,,,,,,
1153,930000.0,,,,,,,,,
1154,933000.0,,,,,,,,,
1155,933600.0,,,,,,,,,
1156,934200.0,,,,,,,,,
1157,937200.0,,,,,,,,,
1158,944400.0,,,,,,,,,
1159,945600.0,,,,,,,,,
1160,946200.0,,,,,,,,,
1161,946800.0,,,,,,,,,
1162,947400.0,,,,,,,,,
1163,948000.0,,,,,,,,,
1164,948600.0,,,,,,,,,
1165,949200.0,,,,,,,,,
1166,949800.0,,,,,,,,,
1167,950400.0,,,,,,,,,
1168,951000.0,,,,,,,,,
1169,951600.0,,,,,,,,,
1170,952200.0,,,,,,,,,
1171,952800.0,,,,,,,,,
1172,954000.0,,,,,,,,,
1173,954600.0,,,,,,,,,
1174,955200.0,,,,,,,,,
1175,955800.0,,,,,,,,,
1176,956400.0,,,,,,,,,
1177,957000.0,,,,,,,,,
1178,957600.0,,,,,,,,,
1179,966600.0,,,,,,,,,
1180,971400.0,,,,,,,,,
1181,972000.0,,,,,,,,,
1182,972600.0,,,,,,,,,
1183,973200.0,,,,,,,,,
1184,976200.0,,,,,,,,,
1185,976800.0,,,,,,,,,
1186,977400.0,,,,,,,,,
1187,978600.0,,,,,,,,,
1188,980400.0,,,,,,,,,
1189,981000.0,,,,,,,,,
1190,981600.0,,,,,,,,,
1191,982200.0,,,,,,,,,
1192,982800.0,,,,,,,,,
1193,983400.0,,,,,,,,,
1194,984000.0,,,,,,,,,
1195,984600.0,,,,,,,,,
1196,985200.0,,,,,,,,,
1197,985800.0,,,,,,,,,
1198,986400.0,,,,,,,,,
1199,987600.0,,,,,,,,,
1200,988800.0,,,,,,,,,
1201,991200.0,,,,,,,,,
1202,991800.0,,,,,,,,,
1203,992400.0,,,,,,,,,
1204,996000.0,,,,,,,,,
1205,996600.0,,,,,,,,,
1206,997200.0,,,,,,,,,
1207,997800.0,,,,,,,,,
1208,998400.0,,,,,,,,,
1209,999000.0,,,,,,,,,
1210,999600.0,,,,,,,,,
1211,1000200.0,,,,,,,,,
1212,1000800.0,,,,,,,,,
1213,1001400.0,,,,,,,,,
1214,1002000.0,,,,,,,,,
1215,1002600.0,,,,,,,,,
1216,1003200.0,,,,,,,,,
1217,1003800.0,,,,,,,,,
1218,1004400.0,,,,,,,,,
1219,1005000.0,,,,,,,,,
1220,1005600.0,,,,,,,,,
1221,1006200.0,,,,,,,,,
1222,1006800.0,,,,,,,,,
1223,1007400.0,,,,,,,,,
1224,1008000.0,,,,,,,,,
1225,1008600.0,,,,,,,,,
1226,1009200.0,,,,,,,,,
1227,1009800.0,,,,,,,,,
1228,1010400.0,,,,,,,,,
1229,1011000.0,,,,,,,,,
1230,1011600.0,,,,,,,,,
1231,1012200.0,,,,,,,,,
1232,1013400.0,,,,,,,,,
1233,1014000.0,,,,,,,,,
1234,1015800.0,,,,,,,,,
1235,1016400.0,,,,,,,,,
1236,1017000.0,,,,,,,,,
1237,1017600.0,,,,,,,,,
1238,1018200.0,,,,,,,,,
1239,1028400.0,,,,,,,,,
1240,1029000.0,,,,,,,,,
1241,1029600.0,,,,,,,,,
1242,1030200.0,,,,,,,,,
1243,1030800.0,,,,,,,,,
1244,1031400.0,,,,,,,,,
1245,1032000.0,,,,,,,,,
1246,1032600.0,,,,,,,,,
1247,1033200.0,,,,,,,,,
1248,1033800.0,,,,,,,,,
1249,1034400.0,,,,,,,,,
1250,1035000.0,,,,,,,,,
1251,1035600.0,,,,,,,,,
1252,1036200.0,,,,,,,,,
1253,1036800.0,,,,,,,,,
1254,1037400.0,,,,,,,,,
1255,1038000.0,,,,,,,,,
1256,1038600.0,,,,,,,,,
1257,1039200.0,,,,,,,,,
1258,1039800.0,,,,,,,,,
1259,1040400.0,,,,,,,,,
1260,1041000.0,,,,,,,,,
1261,1041600.0,,,,,,,,,
1262,1042200.0,,,,,,,,,
1263,1042800.0,,,,,,,,,
1264,1043400.0,,,,,,,,,
1265,1044000.0,,,,,,,,,
1266,1044600.0,,,,,,,,,
1267,1045200.0,,,,,,,,,
1268,1045800.0,,,,,,,,,
1269,1046400.0,,,,,,,,,
1270,1047000.0,,,,,,,,,
1271,1047600.0,,,,,,,,,
1272,1048200.0,,,,,,,,,
1273,1048800.0,,,,,,,,,
1274,1049400.0,,,,,,,,,
1275,1050000.0,,,,,,,,,
1276,1050600.0,,,,,,,,,
1277,1051200.0,,,,,,,,,
1278,1051800.0,,,,,,,,,
1279,1052400.0,,,,,,,,,
1280,1053000.0,,,,,,,,,
1281,1053600.0,,,,,,,,,
1282,1054200.0,,,,,,,,,
1283,1054800.0,,,,,,,,,
1284,1055400.0,,,,,,,,,
1285,1056000.0,,,,,,,,,
1286,1056600.0,,,,,,,,,
1287,1057200.0,,,,,,,,,
1288,1057800.0,,,,,,,,,
1289,1058400.0,,,,,,,,,
1290,1059000.0,,,,,,,,,
1291,1059600.0,,,,,,,,,
1292,1060200.0,,,,,,,,,
1293,1060800.0,,,,,,,,,
1294,1061400.0,,,,,,,,,
1295,1062000.0,,,,,,,,,
1296,1062600.0,,,,,,,,,
1297,1063200.0,,,,,,,,,
1298,1063800.0,,,,,,,,,
1299,1064400.0,,,,,,,,,
1300,1065000.0,,,,,,,,,
1301,1065600.0,,,,,,,,,
1302,1066200.0,,,,,,,,,
1303,1066800.0,,,,,,,,,
1304,1067400.0,,,,,,,,,
1305,1068000.0,,,,,,,,,
1306,1068600.0,,,,,,,,,
1307,1069200.0,,,,,,,,,
1308,1069800.0,,,,,,,,,
1309,1070400.0,,,,,,,,,
1310,1071000.0,,,,,,,,,
1311,1071600.0,,,,,,,,,
1312,1072200.0,,,,,,,,,
1313,1072800.0,,,,,,,,,
1314,1073400.0,,,,,,,,,
1315,1074000.0,,,,,,,,,
1316,1074600.0,,,,,,,,,
1317,1075200.0,,,,,,,,,
1318,1078200.0,,,,,,,,,
1319,1078800.0,,,,,,,,,
1320,1079400.0,,,,,,,,,
1321,1080000.0,,,,,,,,,
1322,1080600.0,,,,,,,,,
1323,1081200.0,,,,,,,,,
1324,1084800.0,,,,,,,,,
1325,1085400.0,,,,,,,,,
1326,1086000.0,,,,,,,,,
1327,1086600.0,,,,,,,,,
1328,1087200.0,,,,,,,,,
1329,1088400.0,,,,,,,,,
1330,1089000.0,,,,,,,,,
1331,1089600.0,,,,,,,,,
1332,1090200.0,,,,,,,,,
1333,1090800.0,,,,,,,,,
1334,1091400.0,,,,,,,,,
1335,1092000.0,,,,,,,,,
1336,1092600.0,,,,,,,,,
1337,1093200.0,,,,,,,,,
1338,1093800.0,,,,,,,,,
1339,1094400.0,,,,,,,,,
1340,1095000.0,,,,,,,,,
1341,1095600.0,,,,,,,,,
1342,1096200.0,,,,,,,,,
1343,1096800.0,,,,,,,,,
1344,1097400.0,,,,,,,,,
1345,1098000.0,,,,,,,,,
1346,1098600.0,,,,,,,,,
1347,1099200.0,,,,,,,,,
1348,1099800.0,,,,,,,,,
1349,1100400.0,,,,,,,,,
1350,1107000.0,,,,,,,,,
1351,1113000.0,,,,,,,,,
1352,1113600.0,,,,,,,,,
1353,1114200.0,,,,,,,,,
1354,1114800.0,,,,,,,,,
1355,1115400.0,,,,,,,,,
1356,1116000.0,,,,,,,,,
1357,1116600.0,,,,,,,,,
1358,1117200.0,,,,,,,,,
1359,1121400.0,,,,,,,,,
1360,1122600.0,,,,,,,,,
1361,1123200.0,,,,,,,,,
1362,1123800.0,,,,,,,,,
1363,1124400.0,,,,,,,,,
1364,1126200.0,,,,,,,,,
1365,1126800.0,,,,,,,,,
1366,1127400.0,,,,,,,,,
1367,1128000.0,,,,,,,,,
1368,1128600.0,,,,,,,,,
1369,1131600.0,,,,,,,,,
1370,1143600.0,,,,,,,,,
1371,1144200.0,,,,,,,,,
1372,1144800.0,,,,,,,,,
1373,1145400.0,,,,,,,,,
1374,1146000.0,,,,,,,,,
1375,1146600.0,,,,,,,,,
1376,1147200.0,,,,,,,,,
1377,1147800.0,,,,,,,,,
1378,1148400.0,,,,,,,,,
1379,1149000.0,,,,,,,,,
1380,1149600.0,,,,,,,,,
1381,1151400.0,,,,,,,,,
1382,1152000.0,,,,,,,,,
1383,1152600.0,,,,,,,,,
1384,1153800.0,,,,,,,,,
1385,1154400.0,,,,,,,,,
1386,1155000.0,,,,,,,,,
1387,1156200.0,,,,,,,,,
1388,1157400.0,,,,,,,,,
1389,1168800.0,,,,,,,,,
1390,1169400.0,,,,,,,,,
1391,1170000.0,,,,,,,,,
1392,1170600.0,,,,,,,,,
1393,1171200.0,,,,,,,,,
1394,1171800.0,,,,,,,,,
1395,1172400.0,,,,,,,,,
1396,1174200.0,,,,,,,,,
1397,1174800.0,,,,,,,,,
1398,1177800.0,,,,,,,,,
1399,1178400.0,,,,,,,,,
1400,1179000.0,,,,,,,,,
1401,1179600.0,,,,,,,,,
1402,1180200.0,,,,,,,,,
1403,1180800.0,,,,,,,,,
1404,1182600.0,,,,,,,,,
1405,1183200.0,,,,,,,,,
1406,1186200.0,,,,,,,,,
1407,1186800.0,,,,,,,,,
1408,1187400.0,,,,,,,,,
1409,1188000.0,,,,,,,,,
1410,1188600.0,,,,,,,,,
1411,1189200.0,,,,,,,,,
1412,1189800.0,,,,,,,,,
1413,1190400.0,,,,,,,,,
1414,1191000.0,,,,,,,,,
1415,1191600.0,,,,,,,,,
1416,1192800.0,,,,,,,,,
1417,1193400.0,,,,,,,,,
1418,1194000.0,,,,,,,,,
1419,1197000.0,,,,,,,,,
1420,1197600.0,,,,,,,,,
1421,1198200.0,,,,,,,,,
1422,1198800.0,,,,,,,,,
1423,1199400.0,,,,,,,,,
1424,1200000.0,,,,,,,,,
1425,1200600.0,,,,,,,,,
1426,1201800.0,,,,,,,,,
1427,1202400.0,,,,,,,,,
1428,1203000.0,,,,,,,,,
1429,1203600.0,,,,,,,,,
1430,1204200.0,,,,,,,,,
1431,1204800.0,,,,,,,,,
1432,1205400.0,,,,,,,,,
1433,1206000.0,,,,,,,,,
1434,1206600.0,,,,,,,,,
1435,1207200.0,,,,,,,,,
1436,1207800.0,,,,,,,,,
1437,1208400.0,,,,,,,,,
1438,1209000.0,,,,,,,,,
1439,1209600.0,,,,,,,,,
1440,1210200.0,,,,,,,,,
1441,1210800.0,,,,,,,,,
1442,1211400.0,,,,,,,,,
1443,1212000.0,,,,,,,,,
1444,1212600.0,,,,,,,,,
1445,1213200.0,,,,,,,,,
1446,1213800.0,,,,,,,,,
1447,1214400.0,,,,,,,,,
1448,1215000.0,,,,,,,,,
1449,1215600.0,,,,,,,,,
1450,1216200.0,,,,,,,,,
1451,1216800.0,,,,,,,,,
1452,1217400.0,,,,,,,,,
1453,1218000.0,,,,,,,,,
1454,1218600.0,,,,,,,,,
1455,1219200.0,,,,,,,,,
1456,1219800.0,,,,,,,,,
1457,1220400.0,,,,,,,,,
1458,1221000.0,,,,,,,,,
1459,1222200.0,,,,,,,,,
1460,1222800.0,,,,,,,,,
1461,1223400.0,,,,,,,,,
1462,1224000.0,,,,,,,,,
1463,1224600.0,,,,,,,,,
1464,1225200.0,,,,,,,,,
1465,1225800.0,,,,,,,,,
1466,1226400.0,,,,,,,,,
1467,1227000.0,,,,,,,,,
1468,1227600.0,,,,,,,,,
1469,1228200.0,,,,,,,,,
1470,1228800.0,,,,,,,,,
1471,1229400.0,,,,,,,,,
1472,1230000.0,,,,,,,,,
1473,1230600.0,,,,,,,,,
1474,1231200.0,,,,,,,,,
1475,1231800.0,,,,,,,,,
1476,1232400.0,,,,,,,,,
1477,1233000.0,,,,,,,,,
1478,1233600.0,,,,,,,,,
1479,1234200.0,,,,,,,,,
1480,1234800.0,,,,,,,,,
1481,1235400.0,,,,,,,,,
1482,1236000.0,,,,,,,,,
1483,1236600.0,,,,,,,,,
1484,1237200.0,,,,,,,,,
1485,1237800.0,,,,,,,,,
1486,1238400.0,,,,,,,,,
1487,1239000.0,,,,,,,,,
1488,1239600.0,,,,,,,,,
1489,1240200.0,,,,,,,,,
1490,1240800.0,,,,,,,,,
1491,1241400.0,,,,,,,,,
1492,1242000.0,,,,,,,,,
1493,1242600.0,,,,,,,,,
1494,1243200.0,,,,,,,,,
1495,1243800.0,,,,,,,,,
1496,1244400.0,,,,,,,,,
1497,1245000.0,,,,,,,,,
1498,1245600.0,,,,,,,,,
1499,1246200.0,,,,,,,,,
1500,1246800.0,,,,,,,,,
1501,1247400.0,,,,,,,,,
1502,1248000.0,,,,,,,,,
1503,1248600.0,,,,,,,,,
1504,1249200.0,,,,,,,,,
1505,1249800.0,,,,,,,,,
1506,1250400.0,,,,,,,,,
1507,1251000.0,,,,,,,,,
1508,1251600.0,,,,,,,,,
1509,1252200.0,,,,,,,,,
1510,1252800.0,,,,,,,,,
1511,1253400.0,,,,,,,,,
1512,1254000.0,,,,,,,,,
1513,1254600.0,,,,,,,,,
1514,1255200.0,,,,,,,,,
1515,1256400.0,,,,,,,,,
1516,1257000.0,,,,,,,,,
1517,1257600.0,,,,,,,,,
1518,1258200.0,,,,,,,,,
1519,1258800.0,,,,,,,,,
1520,1259400.0,,,,,,,,,
1521,1260000.0,,,,,,,,,
1522,1260600.0,,,,,,,,,
1523,1261200.0,,,,,,,,,
1524,1261800.0,,,,,,,,,
1525,1262400.0,,,,,,,,,
1526,1263000.0,,,,,,,,,
1527,1263600.0,,,,,,,,,
1528,1264200.0,,,,,,,,,
1529,1264800.0,,,,,,,,,
1530,1265400.0,,,,,,,,,
1531,1266000.0,,,,,,,,,
1532,1266600.0,,,,,,,,,
1533,1267200.0,,,,,,,,,
1534,1267800.0,,,,,,,,,
1535,1268400.0,,,,,,,,,
1536,1269000.0,,,,,,,,,
1537,1269600.0,,,,,,,,,
1538,1270200.0,,,,,,,,,
1539,1270800.0,,,,,,,,,
1540,1271400.0,,,,,,,,,
1541,1272000.0,,,,,,,,,
1542,1272600.0,,,,,,,,,
1543,1273200.0,,,,,,,,,
1544,1273800.0,,,,,,,,,
1545,1274400.0,,,,,,,,,
1546,1275000.0,,,,,,,,,
1547,1275600.0,,,,,,,,,
1548,1276200.0,,,,,,,,,
1549,1276800.0,,,,,,,,,
1550,1277400.0,,,,,,,,,
1551,1278000.0,,,,,,,,,
1552,1278600.0,,,,,,,,,
1553,1279200.0,,,,,,,,,
1554,1279800.0,,,,,,,,,
1555,1280400.0,,,,,,,,,
1556,1281000.0,,,,,,,,,
1557,1281600.0,,,,,,,,,
1558,1282200.0,,,,,,,,,
1559,1282800.0,,,,,,,,,
1560,1283400.0,,,,,,,,,
1561,1284000.0,,,,,,,,,
1562,1284600.0,,,,,,,,,
1563,1285200.0,,,,,,,,,
1564,1285800.0,,,,,,,,,
1565,1286400.0,,,,,,,,,
1566,1287000.0,,,,,,,,,
1567,1287600.0,,,,,,,,,
1568,1288200.0,,,,,,,,,
1569,1288800.0,,,,,,,,,
1570,1289400.0,,,,,,,,,
1571,1290000.0,,,,,,,,,
1572,1290600.0,,,,,,,,,
1573,1291200.0,,,,,,,,,
1574,1291800.0,,,,,,,,,
1575,1292400.0,,,,,,,,,
1576,1293000.0,,,,,,,,,
1577,1293600.0,,,,,,,,,
1578,1294200.0,,,,,,,,,
1579,1294800.0,,,,,,,,,
1580,1295400.0,,,,,,,,,
1581,1296000.0,,,,,,,,,
1582,1296600.0,,,,,,,,,
1583,1297200.0,,,,,,,,,
1584,1297800.0,,,,,,,,,
1585,1298400.0,,,,,,,,,
1586,1299000.0,,,,,,,,,
1587,1299600.0,,,,,,,,,
1588,1300200.0,,,,,,,,,
1589,1300800.0,,,,,,,,,
1590,1301400.0,,,,,,,,,
1591,1302000.0,,,,,,,,,
1592,1302600.0,,,,,,,,,
1593,1303200.0,,,,,,,,,
1594,1303800.0,,,,,,,,,
1595,1304400.0,,,,,,,,,
1596,1305000.0,,,,,,,,,
1597,1305600.0,,,,,,,,,
1598,1306200.0,,,,,,,,,
1599,1306800.0,,,,,,,,,
1600,1307400.0,,,,,,,,,
1601,1308000.0,,,,,,,,,
1602,1310400.0,,,,,,,,,
1603,1320000.0,,,,,,,,,
1604,1320600.0,,,,,,,,,
1605,1321200.0,,,,,,,,,
1606,1324800.0,,,,,,,,,
1607,1325400.0,,,,,,,,,
1608,1326000.0,,,,,,,,,
1609,1326600.0,,,,,,,,,
1610,1329600.0,,,,,,,,,
1611,1330200.0,,,,,,,,,
1612,1330800.0,,,,,,,,,
1613,1331400.0,,,,,,,,,
1614,1332600.0,,,,,,,,,
1615,1333200.0,,,,,,,,,
1616,1333800.0,,,,,,,,,
1617,1334400.0,,,,,,,,,
1618,1335000.0,,,,,,,,,
1619,1335600.0,,,,,,,,,
1620,1336200.0,,,,,,,,,
1621,1342800.0,,,,,,,,,
1622,1343400.0,,,,,,,,,
1623,1344000.0,,,,,,,,,
1624,1344600.0,,,,,,,,,
1625,1354200.0,,,,,,,,,
1626,1356000.0,,,,,,,,,
1627,1356600.0,,,,,,,,,
1628,1357200.0,,,,,,,,,
1629,1357800.0,,,,,,,,,
1630,1358400.0,,,,,,,,,
1631,1359000.0,,,,,,,,,
1632,1359600.0,,,,,,,,,
1633,1363800.0,,,,,,,,,
1634,1364400.0,,,,,,,,,
1635,1368000.0,,,,,,,,,
1636,1371600.0,,,,,,,,,
1637,1372200.0,,,,,,,,,
1638,1372800.0,,,,,,,,,
1639,1373400.0,,,,,,,,,
1640,1374000.0,,,,,,,,,
1641,1374600.0,,,,,,,,,
1642,1375200.0,,,,,,,,,
1643,1375800.0,,,,,,,,,
1644,1376400.0,,,,,,,,,
1645,1377000.0,,,,,,,,,
1646,1377600.0,,,,,,,,,
1647,1378200.0,,,,,,,,,
1648,1378800.0,,,,,,,,,
1649,1379400.0,,,,,,,,,
1650,1380000.0,,,,,,,,,
1651,1380600.0,,,,,,,,,
1652,1381200.0,,,,,,,,,
1653,1381800.0,,,,,,,,,
1654,1382400.0,,,,,,,,,
1655,1383000.0,,,,,,,,,
1656,1383600.0,,,,,,,,,
1657,1384200.0,,,,,,,,,
1658,1384800.0,,,,,,,,,
1659,1385400.0,,,,,,,,,
1660,1386000.0,,,,,,,,,
1661,1386600.0,,,,,,,,,
1662,1387200.0,,,,,,,,,
1663,1387800.0,,,,,,,,,
1664,1388400.0,,,,,,,,,
1665,1389000.0,,,,,,,,,
1666,1389600.0,,,,,,,,,
1667,1390200.0,,,,,,,,,
1668,1390800.0,,,,,,,,,
1669,1391400.0,,,,,,,,,
1670,1392000.0,,,,,,,,,
1671,1392600.0,,,,,,,,,
1672,1393200.0,,,,,,,,,
1673,1396200.0,,,,,,,,,
1674,1399200.0,,,,,,,,,
1675,1399800.0,,,,,,,,,
1676,1400400.0,,,,,,,,,
1677,1401000.0,,,,,,,,,
1678,1401600.0,,,,,,,,,
1679,1402200.0,,,,,,,,,
1680,1402800.0,,,,,,,,,
1681,1403400.0,,,,,,,,,
1682,1404000.0,,,,,,,,,
1683,1404600.0,,,,,,,,,
1684,1405200.0,,,,,,,,,
1685,1405800.0,,,,,,,,,
1686,1406400.0,,,,,,,,,
1687,1407000.0,,,,,,,,,
1688,1407600.0,,,,,,,,,
1689,1408200.0,,,,,,,,,
1690,1408800.0,,,,,,,,,
1691,1409400.0,,,,,,,,,
1692,1410000.0,,,,,,,,,
1693,1410600.0,,,,,,,,,
1694,1411200.0,,,,,,,,,
1695,1411800.0,,,,,,,,,
1696,1412400.0,,,,,,,,,
1697,1413000.0,,,,,,,,,
1698,1413600.0,,,,,,,,,
1699,1414200.0,,,,,,,,,
1700,1414800.0,,,,,,,,,
1701,1415400.0,,,,,,,,,
1702,1416000.0,,,,,,,,,
1703,1416600.0,,,,,,,,,
1704,1417200.0,,,,,,,,,
1705,1417800.0,,,,,,,,,
1706,1418400.0,,,,,,,,,
1707,1419000.0,,,,,,,,,
1708,1419600.0,,,,,,,,,
1709,1420200.0,,,,,,,,,
1710,1420800.0,,,,,,,,,
1711,1421400.0,,,,,,,,,
1712,1422000.0,,,,,,,,,
1713,1422600.0,,,,,,,,,
1714,1423200.0,,,,,,,,,
1715,1426800.0,,,,,,,,,
1716,1427400.0,,,,,,,,,
1717,1428000.0,,,,,,,,,
1718,1428600.0,,,,,,,,,
1719,1429200.0,,,,,,,,,
1720,1429800.0,,,,,,,,,
1721,1430400.0,,,,,,,,,
1722,1431000.0,,,,,,,,,
1723,1431600.0,,,,,,,,,
1724,1432200.0,,,,,,,,,
1725,1432800.0,,,,,,,,,
1726,1433400.0,,,,,,,,,
1727,1434000.0,,,,,,,,,
1728,1434600.0,,,,,,,,,
1729,1435200.0,,,,,,,,,
1730,1435800.0,,,,,,,,,
1731,1436400.0,,,,,,,,,
1732,1437000.0,,,,,,,,,
1733,1437600.0,,,,,,,,,
1734,1438200.0,,,,,,,,,
1735,1438800.0,,,,,,,,,
1736,1439400.0,,,,,,,,,
1737,1440000.0,,,,,,,,,
1738,1440600.0,,,,,,,,,
1739,1441200.0,,,,,,,,,
1740,1441800.0,,,,,,,,,
1741,1442400.0,,,,,,,,,
1742,1443000.0,,,,,,,,,
1743,1443600.0,,,,,,,,,
1744,1444200.0,,,,,,,,,
1745,1444800.0,,,,,,,,,
1746,1445400.0,,,,,,,,,
1747,1446000.0,,,,,,,,,
1748,1446600.0,,,,,,,,,
1749,1447200.0,,,,,,,,,
1750,1447800.0,,,,,,,,,
1751,1448400.0,,,,,,,,,
1752,1449000.0,,,,,,,,,
1753,1449600.0,,,,,,,,,
1754,1450200.0,,,,,,,,,
1755,1450800.0,,,,,,,,,
1756,1451400.0,,,,,,,,,
1757,1452000.0,,,,,,,,,
1758,1452600.0,,,,,,,,,
1759,1453200.0,,,,,,,,,
1760,1453800.0,,,,,,,,,
1761,1454400.0,,,,,,,,,
1762,1455000.0,,,,,,,,,
1763,1455600.0,,,,,,,,,
1764,1456200.0,,,,,,,,,
1765,1456800.0,,,,,,,,,
1766,1457400.0,,,,,,,,,
1767,1458000.0,,,,,,,,,
1768,1458600.0,,,,,,,,,
1769,1459200.0,,,,,,,,,
1770,1459800.0,,,,,,,,,
1771,1460400.0,,,,,,,,,
1772,1461000.0,,,,,,,,,
1773,1461600.0,,,,,,,,,
1774,1462200.0,,,,,,,,,
1775,1462800.0,,,,,,,,,
1776,1463400.0,,,,,,,,,
1777,1464000.0,,,,,,,,,
1778,1464600.0,,,,,,,,,
1779,1465200.0,,,,,,,,,
1780,1465800.0,,,,,,,,,
1781,1466400.0,,,,,,,,,
1782,1467000.0,,,,,,,,,
1783,1467600.0,,,,,,,,,
1784,1468200.0,,,,,,,,,
1785,1468800.0,,,,,,,,,
1786,1469400.0,,,,,,,,,
1787,1470000.0,,,,,,,,,
1788,1470600.0,,,,,,,,,
1789,1471200.0,,,,,,,,,
1790,1471800.0,,,,,,,,,
1791,1472400.0,,,,,,,,,
1792,1473000.0,,,,,,,,,
1793,1473600.0,,,,,,,,,
1794,1474200.0,,,,,,,,,
1795,1474800.0,,,,,,,,,
1796,1475400.0,,,,,,,,,
1797,1476000.0,,,,,,,,,
1798,1476600.0,,,,,,,,,
1799,1477200.0,,,,,,,,,
1800,1477800.0,,,,,,,,,
1801,1478400.0,,,,,,,,,
1802,1479000.0,,,,,,,,,
1803,1479600.0,,,,,,,,,
1804,1480200.0,,,,,,,,,
1805,1480800.0,,,,,,,,,
1806,1481400.0,,,,,,,,,
1807,1482000.0,,,,,,,,,
1808,1482600.0,,,,,,,,,
1809,1483200.0,,,,,,,,,
1810,1483800.0,,,,,,,,,
1811,1484400.0,,,,,,,,,
1812,1485000.0,,,,,,,,,
1813,1485600.0,,,,,,,,,
1814,1486200.0,,,,,,,,,
1815,1486800.0,,,,,,,,,
1816,1487400.0,,,,,,,,,
1817,1488000.0,,,,,,,,,
1818,1488600.0,,,,,,,,,
1819,1489200.0,,,,,,,,,
1820,1489800.0,,,,,,,,,
1821,1490400.0,,,,,,,,,
1822,1491000.0,,,,,,,,,
1823,1491600.0,,,,,,,,,
1824,1492200.0,,,,,,,,,
1825,1492800.0,,,,,,,,,
1826,1493400.0,,,,,,,,,
1827,1494000.0,,,,,,,,,
1828,1494600.0,,,,,,,,,
1829,1495200.0,,,,,,,,,
1830,1495800.0,,,,,,,,,
1831,1496400.0,,,,,,,,,
1832,1497000.0,,,,,,,,,
1833,1497600.0,,,,,,,,,
1834,1498200.0,,,,,,,,,
1835,1498800.0,,,,,,,,,
1836,1499400.0,,,,,,,,,
1837,1500000.0,,,,,,,,,
1838,1500600.0,,,,,,,,,
1839,1501200.0,,,,,,,,,
1840,1501800.0,,,,,,,,,
1841,1502400.0,,,,,,,,,
1842,1503000.0,,,,,,,,,
1843,1503600.0,,,,,,,,,
1844,1504200.0,,,,,,,,,
1845,1504800.0,,,,,,,,,
1846,1505400.0,,,,,,,,,
1847,1506000.0,,,,,,,,,
1848,1506600.0,,,,,,,,,
1849,1507200.0,,,,,,,,,
1850,1507800.0,,,,,,,,,
1851,1508400.0,,,,,,,,,
1852,1509000.0,,,,,,,,,
1853,1509600.0,,,,,,,,,
1854,1510200.0,,,,,,,,,
1855,1526400.0,,,,,,,,,
1856,1527000.0,,,,,,,,,
1857,1527600.0,,,,,,,,,
1858,1529400.0,,,,,,,,,
1859,1530000.0,,,,,,,,,
1860,1534800.0,,,,,,,,,
1861,1535400.0,,,,,,,,,
1862,1539600.0,,,,,,,,,
1863,1540200.0,,,,,,,,,
1864,1540800.0,,,,,,,,,
1865,1541400.0,,,,,,,,,
1866,1542000.0,,,,,,,,,
1867,1542600.0,,,,,,,,,
1868,1543200.0,,,,,,,,,
1869,1543800.0,,,,,,,,,
1870,1545000.0,,,,,,,,,
1871,1545600.0,,,,,,,,,
1872,1546200.0,,,,,,,,,
1873,1549800.0,,,,,,,,,
1874,1551600.0,,,,,,,,,
1875,1553400.0,,,,,,,,,
1876,1554000.0,,,,,,,,,
1877,1554600.0,,,,,,,,,
1878,1555200.0,,,,,,,,,
1879,1555800.0,,,,,,,,,
1880,1556400.0,,,,,,,,,
1881,1557000.0,,,,,,,,,
1882,1557600.0,,,,,,,,,
1883,1560000.0,,,,,,,,,
1884,1560600.0,,,,,,,,,
1885,1561200.0,,,,,,,,,
1886,1561800.0,,,,,,,,,
1887,1562400.0,,,,,,,,,
1888,1563000.0,,,,,,,,,
1889,1563600.0,,,,,,,,,
1890,1564200.0,,,,,,,,,
1891,1564800.0,,,,,,,,,
1892,1565400.0,,,,,,,,,
1893,1566000.0,,,,,,,,,
1894,1566600.0,,,,,,,,,
1895,1567200.0,,,,,,,,,
1896,1567800.0,,,,,,,,,
1897,1568400.0,,,,,,,,,
1898,1569000.0,,,,,,,,,
1899,1569600.0,,,,,,,,,
1900,1570200.0,,,,,,,,,
1901,1570800.0,,,,,,,,,
1902,1571400.0,,,,,,,,,
1903,1572000.0,,,,,,,,,
1904,1572600.0,,,,,,,,,
1905,1573200.0,,,,,,,,,
1906,1573800.0,,,,,,,,,
1907,1574400.0,,,,,,,,,
1908,1575000.0,,,,,,,,,
1909,1575600.0,,,,,,,,,
1910,1576200.0,,,,,,,,,
1911,1576800.0,,,,,,,,,
1912,1577400.0,,,,,,,,,
1913,1578000.0,,,,,,,,,
1914,1578600.0,,,,,,,,,
1915,1579200.0,,,,,,,,,
1916,1579800.0,,,,,,,,,
1917,1580400.0,,,,,,,,,
1918,1581000.0,,,,,,,,,
1919,1581600.0,,,,,,,,,
1920,1582200.0,,,,,,,,,
1921,1582800.0,,,,,,,,,
1922,1583400.0,,,,,,,,,
1923,1584000.0,,,,,,,,,
1924,1584600.0,,,,,,,,,
1925,1585200.0,,,,,,,,,
1926,1585800.0,,,,,,,,,
1927,1586400.0,,,,,,,,,
1928,1587000.0,,,,,,,,,
1929,1587600.0,,,,,,,,,
1930,1588200.0,,,,,,,,,
1931,1588800.0,,,,,,,,,
1932,1589400.0,,,,,,,,,
1933,1590000.0,,,,,,,,,
1934,1590600.0,,,,,,,,,
1935,1591200.0,,,,,,,,,
1936,1591800.0,,,,,,,,,
1937,1592400.0,,,,,,,,,
1938,1596000.0,,,,,,,,,
1939,1596600.0,,,,,,,,,
1940,1597200.0,,,,,,,,,
1941,1603200.0,,,,,,,,,
1942,1603800.0,,,,,,,,,
1943,1605000.0,,,,,,,,,
1944,1605600.0,,,,,,,,,
1945,1606200.0,,,,,,,,,
1946,1606800.0,,,,,,,,,
1947,1607400.0,,,,,,,,,
1948,1609800.0,,,,,,,,,
1949,1610400.0,,,,,,,,,
1950,1611000.0,,,,,,,,,
1951,1611600.0,,,,,,,,,
1952,1612200.0,,,,,,,,,
1953,1612800.0,,,,,,,,,
1954,1613400.0,,,,,,,,,
1955,1614000.0,,,,,,,,,
1956,1614600.0,,,,,,,,,
1957,1615200.0,,,,,,,,,
1958,1615800.0,,,,,,,,,
1959,1616400.0,,,,,,,,,
1960,1617000.0,,,,,,,,,
1961,1618200.0,,,,,,,,,
1962,1619400.0,,,,,,,,,
1963,1620000.0,,,,,,,,,
1964,1620600.0,,,,,,,,,
1965,1621200.0,,,,,,,,,
1966,1621800.0,,,,,,,,,
1967,1622400.0,,,,,,,,,
1968,1623000.0,,,,,,,,,
1969,1623600.0,,,,,,,,,
1970,1624200.0,,,,,,,,,
1971,1624800.0,,,,,,,,,
1972,1625400.0,,,,,,,,,
1973,1626000.0,,,,,,,,,
1974,1626600.0,,,,,,,,,
1975,1627800.0,,,,,,,,,
1976,1629000.0,,,,,,,,,
1977,1629600.0,,,,,,,,,
1978,1630200.0,,,,,,,,,
1979,1631400.0,,,,,,,,,
1980,1632000.0,,,,,,,,,
1981,1632600.0,,,,,,,,,
1982,1633200.0,,,,,,,,,
1983,1633800.0,,,,,,,,,
1984,1634400.0,,,,,,,,,
1985,1635000.0,,,,,,,,,
1986,1635600.0,,,,,,,,,
1987,1636200.0,,,,,,,,,
1988,1636800.0,,,,,,,,,
1989,1637400.0,,,,,,,,,
1990,1638000.0,,,,,,,,,
1991,1638600.0,,,,,,,,,
1992,1639200.0,,,,,,,,,
1993,1639800.0,,,,,,,,,
1994,1640400.0,,,,,,,,,
1995,1641000.0,,,,,,,,,
1996,1641600.0,,,,,,,,,
1997,1642200.0,,,,,,,,,
1998,1642800.0,,,,,,,,,
1999,1643400.0,,,,,,,,,
2000,1644000.0,,,,,,,,,
2001,1649400.0,,,,,,,,,
2002,1653000.0,,,,,,,,,
2003,1653600.0,,,,,,,,,
2004,1654200.0,,,,,,,,,
2005,1654800.0,,,,,,,,,
2006,1655400.0,,,,,,,,,
2007,1656000.0,,,,,,,,,
2008,1656600.0,,,,,,,,,
2009,1657200.0,,,,,,,,,
2010,1658400.0,,,,,,,,,
2011,1659000.0,,,,,,,,,
2012,1659600.0,,,,,,,,,
2013,1660200.0,,,,,,,,,
2014,1660800.0,,,,,,,,,
2015,1662600.0,,,,,,,,,
2016,1670400.0,,,,,,,,,
2017,1671000.0,,,,,,,,,
2018,1671600.0,,,,,,,,,
2019,1672200.0,,,,,,,,,
2020,1672800.0,,,,,,,,,
2021,1674000.0,,,,,,,,,
2022,1674600.0,,,,,,,,,
2023,1681200.0,,,,,,,,,
2024,1681800.0,,,,,,,,,
2025,1682400.0,,,,,,,,,
2026,1683000.0,,,,,,,,,
2027,1686000.0,,,,,,,,,
2028,1686600.0,,,,,,,,,
2029,1687200.0,,,,,,,,,
2030,1687800.0,,,,,,,,,
2031,1688400.0,,,,,,,,,
2032,1689000.0,,,,,,,,,
2033,1689600.0,,,,,,,,,
2034,1690200.0,,,,,,,,,
2035,1690800.0,,,,,,,,,
2036,1691400.0,,,,,,,,,
2037,1698000.0,,,,,,,,,
2038,1698600.0,,,,,,,,,
2039,1699200.0,,,,,,,,,
2040,1699800.0,,,,,,,,,
2041,1701600.0,,,,,,,,,
2042,1702200.0,,,,,,,,,
2043,1702800.0,,,,,,,,,
2044,1703400.0,,,,,,,,,
2045,1704600.0,,,,,,,,,
2046,1707000.0,,,,,,,,,
2047,1708200.0,,,,,,,,,
2048,1708800.0,,,,,,,,,
2049,1709400.0,,,,,,,,,
2050,1710000.0,,,,,,,,,
2051,1710600.0,,,,,,,,,
2052,1711200.0,,,,,,,,,
2053,1711800.0,,,,,,,,,
2054,1712400.0,,,,,,,,,
2055,1713000.0,,,,,,,,,
2056,1713600.0,,,,,,,,,
2057,1714200.0,,,,,,,,,
2058,1714800.0,,,,,,,,,
2059,1715400.0,,,,,,,,,
2060,1716000.0,,,,,,,,,
2061,1716600.0,,,,,,,,,
2062,1717200.0,,,,,,,,,
2063,1717800.0,,,,,,,,,
2064,1718400.0,,,,,,,,,
2065,1719000.0,,,,,,,,,
2066,1719600.0,,,,,,,,,
2067,1720200.0,,,,,,,,,
2068,1720800.0,,,,,,,,,
2069,1721400.0,,,,,,,,,
2070,1722000.0,,,,,,,,,
2071,1722600.0,,,,,,,,,
2072,1723200.0,,,,,,,,,
2073,1723800.0,,,,,,,,,
2074,1724400.0,,,,,,,,,
2075,1725000.0,,,,,,,,,
2076,1725600.0,,,,,,,,,
2077,1726200.0,,,,,,,,,
2078,1726800.0,,,,,,,,,
2079,1727400.0,,,,,,,,,
2080,1728000.0,,,,,,,,,
2081,1728600.0,,,,,,,,,
2082,1729200.0,,,,,,,,,
2083,1729800.0,,,,,,,,,
2084,1730400.0,,,,,,,,,
2085,1731000.0,,,,,,,,,
2086,1731600.0,,,,,,,,,
2087,1732200.0,,,,,,,,,
2088,1732800.0,,,,,,,,,
2089,1733400.0,,,,,,,,,
2090,1734000.0,,,,,,,,,
2091,1734600.0,,,,,,,,,
2092,1735200.0,,,,,,,,,
2093,1735800.0,,,,,,,,,
2094,1736400.0,,,,,,,,,
2095,1737000.0,,,,,,,,,
2096,1737600.0,,,,,,,,,
2097,1738200.0,,,,,,,,,
2098,1738800.0,,,,,,,,,
2099,1739400.0,,,,,,,,,
2100,1740000.0,,,,,,,,,
2101,1740600.0,,,,,,,,,
2102,1741200.0,,,,,,,,,
2103,1741800.0,,,,,,,,,
2104,1742400.0,,,,,,,,,
2105,1743000.0,,,,,,,,,
2106,1743600.0,,,,,,,,,
2107,1744200.0,,,,,,,,,
2108,1744800.0,,,,,,,,,
2109,1745400.0,,,,,,,,,
2110,1746000.0,,,,,,,,,
2111,1746600.0,,,,,,,,,
2112,1747200.0,,,,,,,,,
2113,1747800.0,,,,,,,,,
2114,1748400.0,,,,,,,,,
2115,1749000.0,,,,,,,,,
2116,1749600.0,,,,,,,,,
2117,1750200.0,,,,,,,,,
2118,1750800.0,,,,,,,,,
2119,1751400.0,,,,,,,,,
2120,1752000.0,,,,,,,,,
2121,1752600.0,,,,,,,,,
2122,1753200.0,,,,,,,,,
2123,1753800.0,,,,,,,,,
2124,1754400.0,,,,,,,,,
2125,1755000.0,,,,,,,,,
2126,1755600.0,,,,,,,,,
2127,1756200.0,,,,,,,,,
2128,1756800.0,,,,,,,,,
2129,1757400.0,,,,,,,,,
2130,1758000.0,,,,,,,,,
2131,1758600.0,,,,,,,,,
2132,1759200.0,,,,,,,,,
2133,1759800.0,,,,,,,,,
2134,1760400.0,,,,,,,,,
2135,1761000.0,,,,,,,,,
2136,1761600.0,,,,,,,,,
2137,1762200.0,,,,,,,,,
2138,1762800.0,,,,,,,,,
2139,1763400.0,,,,,,,,,
2140,1764000.0,,,,,,,,,
2141,1764600.0,,,,,,,,,
2142,1765200.0,,,,,,,,,
2143,1765800.0,,,,,,,,,
2144,1766400.0,,,,,,,,,
2145,1767000.0,,,,,,,,,
2146,1767600.0,,,,,,,,,
2147,1768200.0,,,,,,,,,
2148,1768800.0,,,,,,,,,
2149,1769400.0,,,,,,,,,
2150,1770000.0,,,,,,,,,
2151,1770600.0,,,,,,,,,
2152,1771200.0,,,,,,,,,
2153,1771800.0,,,,,,,,,
2154,1772400.0,,,,,,,,,
2155,1773000.0,,,,,,,,,
2156,1773600.0,,,,,,,,,
2157,1774200.0,,,,,,,,,
2158,1774800.0,,,,,,,,,
2159,1775400.0,,,,,,,,,
2160,1776000.0,,,,,,,,,
2161,1776600.0,,,,,,,,,
2162,1777200.0,,,,,,,,,
2163,1777800.0,,,,,,,,,
2164,1778400.0,,,,,,,,,
2165,1779000.0,,,,,,,,,
2166,1779600.0,,,,,,,,,
2167,1780200.0,,,,,,,,,
2168,1780800.0,,,,,,,,,
2169,1781400.0,,,,,,,,,
2170,1782000.0,,,,,,,,,
2171,1782600.0,,,,,,,,,
2172,1783200.0,,,,,,,,,
2173,1783800.0,,,,,,,,,
2174,1784400.0,,,,,,,,,
2175,1785000.0,,,,,,,,,
2176,1785600.0,,,,,,,,,
2177,1786200.0,,,,,,,,,
2178,1786800.0,,,,,,,,,
2179,1787400.0,,,,,,,,,
2180,1788000.0,,,,,,,,,
